id,name,address,area,state,direction_url,scraped_at,opening_time,closing_time
outlet_01,ZUS Coffee – Temu Business Centre City Of Elmina,"No 5 (Ground Floor), Jalan Eserina AA U16/AA Elmina, East, Seksyen U16, 40150 Shah Alam, Selangor",Shah Alam,Selangor,https://maps.app.goo.gl/XduXnuUs4E2a1VE56,2025-07-07 01:45:42,09:00,21:00
outlet_02,ZUS Coffee – Spectrum Shopping Mall,"Lot CW-5 Cafe Walk, Ground Floor Spectrum Shopping Mall Jalan Wawasan Ampang, 4, 2, Bandar Baru Ampang, 68000 Ampang, Selangor",Ampang,Selangor,https://maps.app.goo.gl/XPhXh6bgSb4pPaSz7,2025-07-07 01:45:42,08:30,21:30
outlet_03,ZUS Coffee – Bandar Menjalara,"37, Jalan 3/62a, Bandar Menjalara, 52200 Kuala Lumpur, Wilayah Persekutuan Kuala Lumpur",Kuala Lumpur,Wilayah Persekutuan Kuala Lumpur,https://maps.app.goo.gl/SoxNpkV3iGxmd4Rr7,2025-07-07 01:45:42,07:30,23:00
outlet_04,"ZUS Coffee – Jabatan Peguam Negara,  Putrajaya","Bangunan Jabatan Peguam Negara AGC Persint 4, Lot 1, Level 1, Putrajaya 62100 Malaysia",Putrajaya,,https://maps.app.goo.gl/3jKWmERn8sC6ek6V7,2025-07-07 01:45:42,08:00,18:00
outlet_05,"ZUS Coffee – LSH33, Sentul","G-11, Ground Floor, Laman Seri Harmoni (LSH33), No. 3, Jalan Batu Muda Tambahan 3, Sentul, 51100 Kuala Lumpur, Wilayah Persekutuan Kuala Lumpur",Kuala Lumpur,Wilayah Persekutuan Kuala Lumpur,https://maps.app.goo.gl/U7EbSxGQbjgtU6Qr8,2025-07-07 01:45:42,07:00,22:30
outlet_06,"ZUS Coffee – Bandar Tun Hussein Onn, Cheras","No 48A Jalan Suarasa 8/4, Bandar Tun Hussein Onn, 43200 Cheras, Selangor",Cheras,Selangor,https://maps.app.goo.gl/9JbwtcN2q54sBjhk6,2025-07-07 01:45:42,09:00,21:00
outlet_07,ZUS Coffee – AEON BiG Wangsa Maju,"Lot F1.11 (First Floor), AEON BiG Wangsa Maju, 6, Jalan 8/27A, Section 5, Wangsa Maju, 53300, Kuala Lumpur, Wilayah Persekutuan",Kuala Lumpur,Wilayah Persekutuan,https://maps.app.goo.gl/nuMteM6vU4YrhtHb9,2025-07-07 01:45:42,08:00,22:00
outlet_08,ZUS Coffee – Cheras Business Centre,"No 6 Jalan 5/101C, Cheras Business Centre, 56100 Cheras, Kuala Lumpur",Kuala Lumpur,,https://maps.app.goo.gl/hFRNP2j8XUnkfNEHA,2025-07-07 01:45:42,07:30,22:30
outlet_09,"ZUS Coffee – Damansara Perdana, Petaling Jaya","12-1 (Ground floor), Jalan PJU 8/5E, Bandar Damansara Perdana, 47820 Petaling Jaya, Selangor.",Petaling Jaya,Selangor,https://maps.app.goo.gl/Hj1Gu2MMHGabTZXb9,2025-07-07 01:45:42,08:00,22:00
outlet_10,"ZUS Coffee – Bandar Damai Perdana, Cheras","No 19G (Ground floor), Jalan Damai Perdana 1/9b, Bandar Damai Perdana, 56000 Kuala Lumpur, Wilayah Persekutuan Kuala Lumpur",Kuala Lumpur,Wilayah Persekutuan Kuala Lumpur,https://maps.app.goo.gl/qnporqATyiphhS488,2025-07-07 01:45:42,06:30,18:00
outlet_11,"ZUS Coffee – Desa Pandan, Ampang","No 35 (Ground Floor), Jalan 3/76D, Desa Pandan, 55100, Kuala Lumpur, Wilayah Persekutuan Kuala Lumpur.",Kuala Lumpur,Wilayah Persekutuan Kuala Lumpur,https://maps.app.goo.gl/ib8foAkecu9ePYRQ8,2025-07-07 01:45:42,07:00,21:30
outlet_12,"ZUS Coffee – Kenanga Wholesale City, Jalan Gelugor","G-92 (GF 012.2) & G-93 (GF 012.1), Ground Floor, Kompleks Kenanga Wholesale City, No. 2, Jalan Gelugor, 55200 Kuala Lumpur",Kuala Lumpur,,https://maps.app.goo.gl/YcqBi1cYaSaCHsHJ8,2025-07-07 01:45:42,06:30,19:00
outlet_13,ZUS Coffee – Giant Shah Alam Stadium,"A14 – A16, Ground Floor, Giant Shah Alam Stadium, Persiaran Sukan, Seksyen 13, 40100 Shah Alam, Selangor",Shah Alam,Selangor,https://maps.app.goo.gl/V6jaEgHy2qcw1DJh6,2025-07-07 01:45:58,08:30,22:00
outlet_14,ZUS Coffee – Bintang Fairlane Residence,"B­0­1 (Ground Floor), Block B, Retail 1, Bintang Fairlane, NO. 23, Jalan Padang Walter Grenier 55100 Kuala Lumpur",Kuala Lumpur,Kuala Lumpur,https://maps.app.goo.gl/mvZdYjtUQedZ75me9,2025-07-07 01:45:58,08:30,18:00
outlet_15,"ZUS Coffee – Nadayu 801, Taman Subang Murni","Lot 08, Nadayu 801, Taman Subang Murni, 40150 Shah Alam, Selangor",Shah Alam,Selangor,https://maps.app.goo.gl/6J4ySUmhzK4ey9dWA,2025-07-07 01:45:58,08:00,22:30
outlet_16,ZUS Coffee – MAB Academy Campus Sepang,"Level 1, MAB Academy (MABA Campus) Building, Southern Support Zone KLIA, 64000 Sepang, Selangor",Sepang,Selangor,https://maps.app.goo.gl/mLzPwsEm91VMgbhs7,2025-07-07 01:45:58,10:00,18:00
outlet_17,"ZUS Coffee – Jalan Berangan, Port Klang","No 20(GF) Jalan Berangan, 42000 Port Klang, Selangor.",Port Klang,Selangor,https://maps.app.goo.gl/JPkqNrEphcnqGZu76,2025-07-07 01:45:58,08:00,19:00
outlet_18,ZUS Coffee – Ampang Point,"No 50(GF) Jalan Memanda 9, Selangor. Taman Dato Ahmad Razali, 68000 Ampang, Selangor",Ampang,Selangor,https://maps.app.goo.gl/EoDEnDH114wWbrLk9,2025-07-07 01:45:58,06:00,21:30
outlet_19,"ZUS Coffee – Seksyen 3, Bandar Baru Bangi","47-G, Jalan 3/69, Seksyen 3, 43650 Bandar Baru Bangi, Selangor",Bandar Baru Bangi,Selangor,https://maps.app.goo.gl/JCF1Ug6dFCaiiVzS7,2025-07-07 01:45:58,08:00,22:30
outlet_20,"ZUS Coffee – Seksyen 7, Bandar Baru Bangi","No.48G (Ground Floor), Jalan 7/7a, Seksyen 7, 43650 Bandar Baru Bangi, Selangor.",Bandar Baru Bangi,Selangor,https://maps.app.goo.gl/y6AehkccGpJHt4Fx9,2025-07-07 01:45:58,06:00,19:00
outlet_21,"ZUS Coffee – Desa Aman Puri, Kepong","No. 3-15A (GF), Jalan Desa 2/2, Desa Aman Puri, 52100 Kuala Lumpur.",Kuala Lumpur,Kuala Lumpur,https://maps.app.goo.gl/gU68hxYf1toPTHoR6,2025-07-07 01:45:58,07:30,23:00
outlet_22,"ZUS Coffee – M Vertica, Cheras","No Lot G-10(GF) M Vertica Retail Shop, 555 Jalan Cheras, Taman Pertama, 56000 Kuala Lumpur.",Kuala Lumpur,Kuala Lumpur,https://maps.app.goo.gl/gxwDwJLy9CN4eKZS7,2025-07-07 01:45:58,08:30,22:30
outlet_23,ZUS Coffee – Pasaraya CS Bangi Avenue,"Kiosk K10 & K11 (Ground Floor), No.1, Persiaran Bangi Avenue, Taman Bangi Avenue, 43000 Kajang, Selangor Darul Ehsan.",Kajang,Selangor Darul Ehsan,https://maps.app.goo.gl/cVNJDgm78ZcuzQwy8,2025-07-07 01:45:58,10:00,21:30
outlet_24,"ZUS Coffee – Lorong Pandan Pertama 5, Ampang","SA-10-G, Lorong Pandan Pertama 5, Taman Pandan Utama, 68000 Ampang Jaya, Selangor",Ampang Jaya,Selangor,https://maps.app.goo.gl/g6F67nL4MK6bNaKg9,2025-07-07 01:45:58,07:00,20:00
outlet_25,"ZUS Coffee – Edusentral, Setia Alam","VB-G-07 (Ground Floor), Edu Sentral, Jalan Setia Murni U13/51, Setia Alam Seksyen U13, 40170 Shah Alam, Selangor Darul Ehsan",Shah Alam,Selangor Darul Ehsan,https://maps.app.goo.gl/UojmkGDokTKHbgij9,2025-07-07 01:46:13,06:30,19:00
outlet_26,ZUS Coffee – Wangsa Walk Mall,"GL-03A & FL-03A and GL-05 & FL-05, BL-03A & BL-05, Wangsa Walk Mall, Wangsa Permai, 53300 Wilayah Persekutuan Kuala Lumpur",Kuala Lumpur,Wilayah Persekutuan Kuala Lumpur,https://maps.app.goo.gl/HWofKJLBZCt23ckZ6,2025-07-07 01:46:13,06:00,22:30
outlet_27,"ZUS Coffee – Uptown Damansara, Petaling Jaya","44-G (Ground Floor), JALAN SS21/39, DAMANSARA UTAMA, 47400 PETALING JAYA, SELANGOR",Petaling Jaya,Selangor,https://maps.app.goo.gl/SGuUWhHHEBNd8mFWA,2025-07-07 01:46:13,07:00,23:00
outlet_28,ZUS Coffee – Bangsar Trade Centre,"Lot E-1-2(A), Ground Floor, Tower E, Bangsar Trade Centre. Off Jalan Pantai Baru, 59200 Kuala Lumpur.",Kuala Lumpur,,https://maps.app.goo.gl/1QrDViaDCQ7m5Dc58,2025-07-07 01:46:13,10:00,19:00
outlet_29,ZUS Coffee – BHPetrol Karak Highway,"Lot 1173, Stesen Minyak BP Lebuhraya Karak Kuala Lumpur, Daerah Gombak, 53000 Kuala Lumpur",Kuala Lumpur,,https://maps.app.goo.gl/rrkBGoVKpBATxEt89,2025-07-07 01:46:13,09:00,20:00
outlet_30,ZUS Coffee – KL Eco City Mall,"G-12, Ground Floor, KL Eco City Mall, INC, 3, Jalan Bangsar, KL Eco City, 59200 Kuala Lumpur, Federal Territory of Kuala Lumpur",Kuala Lumpur,Federal Territory of Kuala Lumpur,https://maps.app.goo.gl/kFzmFBpFo1N9Qyi58,2025-07-07 01:46:13,06:30,18:00
outlet_31,"ZUS Coffee – Alam Budiman, Shah Alam","No 53-G, Jalan Pulau Lumut P U10/P, Alam Budiman, Seksyen U10, 40170 Shah Alam, Selangor",Shah Alam,Selangor,https://maps.app.goo.gl/ffTrhw66NZuooUKS8,2025-07-07 01:46:13,09:00,22:30
outlet_32,ZUS Coffee – Elmina Lakeside Mall,"GF-95 & 96, Elmina Lakeside Mall, No.5 & No.7, Persiaran Garcinia, Seksyen U15, 40170 Shah Alam, Selangor Darul Ehsan",Shah Alam,Selangor Darul Ehsan,https://maps.app.goo.gl/R3BUrKfqbMsDcvyD7,2025-07-07 01:46:13,08:30,23:00
outlet_33,ZUS Coffee – Pinnacle Sri Petaling Mall,"G-K-01, Ground Floor, Pinnacle Sri Petaling Mall, Jalan Radin Anum 1, Bandar Baru Sri Petaling, 57000 Kuala Lumpur, Malaysia",Kuala Lumpur,Malaysia,https://maps.app.goo.gl/NYqx1mry2ZT3v6WL6,2025-07-07 01:46:13,08:30,18:00
outlet_34,"ZUS Coffee – Dataran Glomac, Kelana Jaya","C-G-05 (Ground Floor), Jalan SS 6/5b, Dataran Glomac, 47301 Petaling Jaya, Selangor.",Petaling Jaya,Selangor,https://maps.app.goo.gl/PbdUfc36FVxXzXz76,2025-07-07 01:46:13,07:00,20:00
outlet_35,"ZUS Coffee – UOA Business Park, Shah Alam","Unit Lot- 13-03A, Level 1, UOA Business Park, No 1, Jalan Pengatucara U1/51A, Seksyen U1 40150 Selangor Darul Ehsan",Shah Alam,Selangor Darul Ehsan,https://maps.app.goo.gl/Pju2yTHLgw6Tqe7P6,2025-07-07 01:46:13,06:00,20:00
outlet_36,ZUS Coffee – Atria Shopping Gallery,"Atria Shopping Mall, Kiosk CK9, Concourse Floor, Jalan SS 22/23, Damansara Jaya, 47400 Petaling Jaya, Selangor",Petaling Jaya,Selangor,https://maps.app.goo.gl/JjyAvXoSL33VPd3p6,2025-07-07 01:46:13,08:30,21:00
outlet_37,"ZUS Coffee – Lebuh Turi, Klang","Lot No. 88 (Ground Floor), Lebuh Turi, Taman Chi Liung, 41200 Klang, Selangor",Klang,Selangor,https://maps.app.goo.gl/cMVfNAymsUxDVHWK6,2025-07-07 01:46:29,07:30,20:00
outlet_38,"ZUS Coffee – Ground Floor, Menara IQ","Unit 001, Ground Floor, Menara IQ, TRX 55188 Kuala Lumpur",Kuala Lumpur,,https://maps.app.goo.gl/BPGx2vU7o7WLXtUs6,2025-07-07 01:46:29,06:30,18:00
outlet_39,"ZUS, Coffee Meets Pastry – 1 Utama Shopping Centre","Lot G601A, Ground Floor, 1 Utama Shopping Centre, 1, Lebuh Bandar Utama, Bandar Utama, 47800 Petaling Jaya, Selangor",Petaling Jaya,Selangor,https://maps.app.goo.gl/Qd3UY7VnZNVdPeQU9,2025-07-07 01:46:29,06:30,20:00
outlet_40,"ZUS Coffee – Taman Segar Perdana, Cheras","No 07GF) Jalan Segar Perdana 2, Taman Segar Perdana, 43200 Cheras, Selangor.",Cheras,Selangor,https://maps.app.goo.gl/3ZVWQuWBvvk32DfV8,2025-07-07 01:46:29,06:00,21:30
outlet_41,ZUS Coffee – Sabak Bernam,"No.100 (Ground Floor), Jalan Menteri, Pekan Sabak, 45200 Sabak Bernam, Selangor",Sabak Bernam,Selangor,https://maps.app.goo.gl/GfSJqhuBsUJbtr5M9,2025-07-07 01:46:29,06:30,22:30
outlet_42,"ZUS Coffee – Jalan Kebun Nenas, Klang","No 47-G Jalan Kebun Nenas 7A/KS8, Bandar Putera 2, 41200 Klang, Selangor",Klang,Selangor,https://maps.app.goo.gl/Bvkksy8u6HjkSVRZ7,2025-07-07 01:46:29,06:00,20:00
outlet_43,ZUS Coffee – Menara TH Perdana,"Unit L02,Tingkat Bawah, Jln Sultan Ismail, Chow Kit, 50250 Kuala Lumpur, Wilayah Persekutuan Kuala Lumpur",Kuala Lumpur,Wilayah Persekutuan Kuala Lumpur,https://maps.app.goo.gl/7uwonBiP8Jw9VPNXA,2025-07-07 01:46:29,10:00,22:30
outlet_44,ZUS Coffee – MRT Bandar Utama,"MRT Bandar Utama (Kajang Line), Station Concourse area, Persiaran Bandar Utama, Bandar Utama, 47800 Petaling Jaya, Selangor.",Petaling Jaya,Selangor,https://maps.app.goo.gl/FzLWWCFfbpqx7mTB7,2025-07-07 01:46:29,09:00,18:00
outlet_45,"ZUS Coffee – Micasa Shoppes, Jalan Tun Razak","Lot G.11 & Mezzanine, Micasa Shoppes, 368A, Jln Tun Razak, Taman U Thant, 55000 Kuala Lumpur, Wilayah Persekutuan",Kuala Lumpur,Wilayah Persekutuan,https://maps.app.goo.gl/QEMe5NRA75F4wNDS8,2025-07-07 01:46:29,06:00,19:00
outlet_46,ZUS Coffee – Wisma TH Plaza Sentral,"L-01B, Jalan Stesen Sentral 5, Kuala Lumpur Sentral, 50470 Kuala Lumpur",Kuala Lumpur,,https://maps.app.goo.gl/6q5uPX6uy64oBC2VA,2025-07-07 01:46:29,09:00,21:00
outlet_47,"ZUS Coffee – Pertama Complex, Kuala Lumpur","Kiosk No. 3, Kompleks Pertama, Jalan Tuanku Abdul Rahman, 50100 Kuala Lumpur",Kuala Lumpur,,https://maps.app.goo.gl/qaW4ZmnjGioUqLYV8,2025-07-07 01:46:29,06:30,22:00
outlet_48,"ZUS Coffee – Pekan Kapar, Klang","No. 228 (Ground Floor), Jalan Besar KU/13, Pekan Kapar, 42200 Kapar, Selangor",Kapar,Selangor,https://maps.app.goo.gl/by7nC4Lsh7aMRusSA,2025-07-07 01:46:29,08:00,22:30
outlet_49,"ZUS Coffee – Sri Rampai, Setapak","No.39 (Ground Floor), Jalan 45/26 Taman Sri Rampai, 53300 Kuala Lumpur.",Kuala Lumpur,Kuala Lumpur,https://maps.app.goo.gl/UFPhAXiUpmb2v9X57,2025-07-07 01:46:44,08:00,22:00
outlet_50,ZUS Coffee – Bloomsvale Shopping Gallery,"G-018, Level Ground Floor, Bloomsvale Shopping Gallery, 137, Jalan Puchong, 58200 Kuala Lumpur, Wilayah Persekutuan Kuala Lumpur",Kuala Lumpur,Kuala Lumpur,https://maps.app.goo.gl/uYE7LuvdEp2yugjXA,2025-07-07 01:46:44,08:00,19:00
outlet_51,ZUS Coffee – Bandar Mahkota Cheras,"GK-01, BMC Mall. Jalan Temenggung 21/9, Bandar Mahkota Cheras, 43200 Cheras, Selangor.",Cheras,Selangor,https://maps.app.goo.gl/NJcrYqQpzVxSY3R1A,2025-07-07 01:46:44,08:30,23:00
outlet_52,ZUS Coffee – KL Traders Square,"51-G, KLTS, NO. 99, JALAN GOMBAK, SETAPAK, 53000, KUALA LUMPUR",Kuala Lumpur,Kuala Lumpur,https://maps.app.goo.gl/ovNcaWjp4BCQgJbp7,2025-07-07 01:46:44,08:00,22:30
outlet_53,"ZUS Coffee – Bandar Kinrara 5, Puchong","No 10(GF), Jalan BK 5A/2C, Bandar Kinrara 5, 47180 Puchong, Selangor",Puchong,Selangor,https://maps.app.goo.gl/SFmvcBUEDf4GNZZd8,2025-07-07 01:46:44,09:00,21:00
outlet_54,ZUS Coffee – KPJ Kajang Specialist Hospital,"KPJ Kajang Specialist Hospital, Jalan Cheras, Kampung Sungai Kantan, 43000 Kajang, Selangor.",Kajang,Selangor,https://maps.app.goo.gl/cV26tGNhZYm3Jtgm8,2025-07-07 01:46:44,06:30,22:30
outlet_55,ZUS Coffee – Kuala Kubu Baru,"No.18(GF), Jalan Mat Kilau, Pekan Kuala Kubu Bharu, 44000 Kuala Kubu Baru, Selangor",Kuala Kubu Baru,Selangor,https://maps.app.goo.gl/vfdaNXFcxBcmHrq16,2025-07-07 01:46:44,08:30,19:00
outlet_56,"ZUS Coffee – Menara Axis, Petaling Jaya","Grd-05, Ground Floor, Menara Axis, No 2, Jalan 51A/ 223,46100 Petaling Jaya, Selangor",Petaling Jaya,Selangor,https://maps.app.goo.gl/GLtte1nwwryXQqKC8,2025-07-07 01:46:44,06:00,22:30
outlet_57,ZUS Coffee – Central I-City,"Lot L1-10A, Level One, Central I-City, No. 1, Persiaran Multimedia, Seksyen 7, Jalan Plumbum 7/102, I-City, 40000 Shah Alam, Selangor",Shah Alam,Selangor,https://maps.app.goo.gl/St1WubMeyce9k1Eh9,2025-07-07 01:46:44,09:00,22:00
outlet_58,ZUS Coffee – Taman Sri Muda,"No.16-G (Ground Floor), Jalan Murni 25/61, Taman Sri Muda, 40400 Shah Alam, Selangor",Shah Alam,Selangor,https://maps.app.goo.gl/KJqteAwTt7SUEaik9,2025-07-07 01:46:44,06:30,22:00
outlet_59,"ZUS Coffee – Alam Avenue 2, Shah Alam Seksyen 16","C-15-G, Jalan Serai Wangi L 16/L, Seksyen 16, Alam Avenue 2, 40200 Shah Alam, Selangor",Shah Alam,Selangor,https://maps.app.goo.gl/VweJD4e4SZETjWmD7,2025-07-07 01:46:44,09:00,21:30
outlet_60,ZUS Coffee – Kuchai Entrepreneurs Park,"No. 29 (Ground Floor), Jalan 1/116 B, Off, Jalan Kuchai Lama, Kuchai Entrepreneurs Park, 58200 Kuala Lumpur.",Kuala Lumpur,Kuala Lumpur,https://maps.app.goo.gl/1DQNDZUjKwhAr89X7,2025-07-07 01:46:44,06:00,19:00
outlet_61,"ZUS Coffee – Jalil Link 1, Bukit Jalil","No.20(GF), Jalan Jalil Jaya 2, Jalil Link, Bukit Jalil 57000 WP Kuala Lumpur",Bukit Jalil,WP Kuala Lumpur,https://maps.app.goo.gl/GgafJATLe1djdh5z5,2025-07-07 01:46:59,09:00,18:00
outlet_62,ZUS Coffee – Menara Technip Energies,"Menara Technip Energies, 38, Jalan Inai, Imbi, 55100 Kuala Lumpur, Federal Territory of Kuala Lumpur",Kuala Lumpur,Federal Territory of Kuala Lumpur,https://maps.app.goo.gl/2qhwJWG5A8jf4poW7,2025-07-07 01:46:59,08:30,18:00
outlet_63,"ZUS Coffee – Jakel Mall, Kuala Lumpur","Lot SC.02 & SC.03, Jakel Mall, Lot 159, Jakel Square Off, Jalan Munshi Abdullah, City Centre, 50100 Kuala Lumpur",Kuala Lumpur,,https://maps.app.goo.gl/SinZDdy8GsWQohhr6,2025-07-07 01:46:59,06:00,21:00
outlet_64,"ZUS Coffee – Anggun City, Rawang","Lot 40-1, Pusat Komersial Anggun City, 1, Jalan Anggun City 1, Taman Anggun, 48000 Rawang, Selangor",Rawang,Selangor,https://maps.app.goo.gl/pNRC9HwFT298kdUaA,2025-07-07 01:46:59,08:00,18:00
outlet_65,"ZUS Coffee – Olive Business Park, Seri Kembangan","No 36 (LG), Jalan BS 1/3, Pusat Perdagangan Olive Hill, Taman Bukit Serdang Seksyen 1, 43300 Seri Kembangan, Selangor.",Seri Kembangan,Selangor,https://maps.app.goo.gl/ecQ6XHq5W4oN447aA,2025-07-07 01:46:59,06:30,23:00
outlet_66,ZUS Coffee – Bukit Tinggi 1,"No.26-G, Lorong Batu Nilam 3a, Bandar Bukit Tinggi 41200 Klang",Klang,,https://maps.app.goo.gl/zM1roarwqnoHVk7YA,2025-07-07 01:46:59,07:00,22:30
outlet_67,ZUS Coffee – CALTEX Eco Ardence,"No. 2, Jalan Eco Ardence U12/36, Seksyen U12 40170, Shah Alam, Selangor",Shah Alam,Selangor,https://maps.app.goo.gl/kZxYiKdfidnaDftEA,2025-07-07 01:46:59,08:00,20:00
outlet_68,"ZUS Coffee – Jalan Seri Mas 1, Hulu Langat","No.33 (Ground Floor), Jalan Seri Mas 1, Taman Seri Emas, 43100 Hulu Langat, Selangor.",Hulu Langat,Selangor,https://maps.app.goo.gl/zGHiZHjhXuJDtNvo6,2025-07-07 01:46:59,10:00,21:30
outlet_69,ZUS Coffee – Pekan Semenyih,"No.40 (Ground Floor), Jalan Pasar Baru, Pekan Semenyih, 43500 Semenyih, Selangor.",Semenyih,Selangor,https://maps.app.goo.gl/mT7LLGgzhHkHxAUbA,2025-07-07 01:46:59,10:00,22:30
outlet_70,ZUS Coffee – Solaris Mont Kiara,"Lot K-OG-14, Soho KL Mont Kiara, No. 2, Jalan Solaris, Solaris Mont Kiara, 50480, Wilayah Persekutuan Kuala Lumpur",Solaris Mont Kiara,Wilayah Persekutuan Kuala Lumpur,https://maps.app.goo.gl/Nc3SFsKZyhSSgaaF8,2025-07-07 01:46:59,09:00,18:00
outlet_71,"ZUS Coffee – Cyberview 23A, Cyberjaya","Cyberview 23A, Persiaran APEC Cyber 6, 63000 Cyberjaya Selangor",Cyberjaya,Selangor,https://maps.app.goo.gl/65eKzyJ3AYr7Ufc26,2025-07-07 01:46:59,08:30,21:00
outlet_72,ZUS Coffee – Monash University Malaysia,"3124C, Lepak Place, Monash University Malaysia, Jalan Lagoon Selatan, 47500 Bandar Sunway, Selangor Darul Ehsan",Bandar Sunway,Selangor,https://maps.app.goo.gl/yiZH7dYYP8vJFZsi7,2025-07-07 01:46:59,10:00,21:30
outlet_73,ZUS Coffee – Semua House,"GF.04, Ground Floor, Semua House, Jalan Bunus 6, City Centre, 50100 Kuala Lumpur, Wilayah Persekutuan Kuala Lumpur",Kuala Lumpur,Wilayah Persekutuan Kuala Lumpur,https://maps.app.goo.gl/cyFk3f3wuVoRiVCi8,2025-07-07 01:47:15,06:00,18:00
outlet_74,ZUS Coffee – Southville City,"A­G­09 (Ground Floor), Savanna Lifestyle Retail Jalan BBLS 2, Bandar Baru Lembah Selatan, 43800 Dengkil, Selangor",Dengkil,Selangor,https://maps.app.goo.gl/D4ZHpH55QcfbryDy5,2025-07-07 01:47:15,06:00,21:30
outlet_75,ZUS Coffee – Sekinchan,"No.15 (Ground Floor), Jalan Peria, Pekan Sekinchan, 45400 Sekinchan, Selangor",Sekinchan,Selangor,https://maps.app.goo.gl/wFX1izTnAqp11QqQ7,2025-07-07 01:47:15,06:00,22:30
outlet_76,ZUS Coffee – Kompleks PKNS Shah Alam,"Lot G-6 (Ground Floor), Kompleks PKNS Shah Alam, Persiaran Tasik, Seksyen 14, 40000 Shah Alam, Selangor",Shah Alam,Selangor,https://maps.app.goo.gl/11uRprMV9ixudpHT8,2025-07-07 01:47:15,08:00,21:00
outlet_77,ZUS Coffee – Shah Alam Seksyen 18,"15G (Ground Floor), Jalan Pinang B 18/B, Seksyen 18, 40200 Shah Alam, Selangor",Shah Alam,Selangor,https://maps.app.goo.gl/tV4tVt5hoCqVVS7d6,2025-07-07 01:47:15,07:00,22:30
outlet_78,ZUS Coffee – SAMA Square,"G-02 & 02(E), Ground Floor, Same Square, Jalan 1/23c, Kampung Baru Air Panas, 53200 Kuala Lumpur, Wilayah Persekutuan Kuala Lumpur.",Kuala Lumpur,Wilayah Persekutuan Kuala Lumpur,https://maps.app.goo.gl/EzptbL3cArET9Nw1A,2025-07-07 01:47:15,07:00,22:00
outlet_79,ZUS Coffee – GM Klang,"A-G-13, Ground Floor, Wholesale City Gm Klang, Jalan Kasuarina 1, Bandar Botanik, 41200 Klang, Selangor",Klang,Selangor,https://maps.app.goo.gl/KpWWdYpXUwHVqHk9A,2025-07-07 01:47:15,09:00,23:00
outlet_80,"ZUS Coffee – Prima Saujana, Kajang","No.20 (GF), Jalan Prima Saujana 1/1A, Prima Saujana 43000 Kajang Selangor.",Kajang,Selangor,https://maps.app.goo.gl/eEyMwE9Vq4HixWfL6,2025-07-07 01:47:15,10:00,22:30
outlet_81,ZUS Coffee – AEON Mall Bukit Tinggi,"Lot F26, AEON Bukit Tinggi Shopping Centre, 1, Persiaran Batu Nilam 1, KS6, 41200, Selangor",Klang,Selangor,https://maps.app.goo.gl/ciHTbpy7nFNH1xbQA,2025-07-07 01:47:15,08:30,21:30
outlet_82,ZUS Coffee – Shah Alam Seksyen 20,"No 18, Jalan Singa D 20/D, Seksyen 20, 40300 Shah Alam, Selangor",Shah Alam,Selangor,https://maps.app.goo.gl/NJWvjTigi6rz1STG7,2025-07-07 01:47:15,06:30,22:30
outlet_83,ZUS Coffee – You City III Cheras,"Lot no G-AP-8, Jalan Persiaran You City,Taman Suntex, 43200 Cheras, Selangor",Cheras,Selangor,https://maps.app.goo.gl/MKWRhERopFZX9iwV8,2025-07-07 01:47:15,08:00,23:00
outlet_84,ZUS Coffee – Menara UOA Bangsar,"Lot LGF-8, Lower Ground Floor, 5, Jalan Bangsar Utama 1, Bangsar, 59000 Kuala Lumpur, Wilayah Persekutuan Kuala Lumpur",Kuala Lumpur,Wilayah Persekutuan Kuala Lumpur,https://maps.app.goo.gl/9GFMf9ozWFEwVB3Q6,2025-07-07 01:47:15,09:00,19:00
outlet_85,"ZUS Coffee – TTDI Jaya, Shah Alam","No.33 (Ground Floor), Jalan Opera F U2/F, Taman TTDI Jaya, Seksyen U2, 40150 Shah Alam.",Shah Alam,Selangor,https://maps.app.goo.gl/y6JS8BiUbaStYPDPA,2025-07-07 01:47:31,06:30,22:30
outlet_86,ZUS Coffee – Citta Mall,"G-48 7 G-48A, Ground Floor, Citta Mall, 1, Jalan PJU 1a/48, Ara Damansara, 47301 Petaling Jaya, Selangor",Petaling Jaya,Selangor,https://maps.app.goo.gl/AGW7mvcrQhFBKF2S6,2025-07-07 01:47:31,06:00,19:00
outlet_87,"ZUS Coffee – Cubic Botanical, Pantai Dalam","No. R2-1 (Lower Ground Floor), Residensi Rimba Pantai Dalam, No. 6, Jalan Pantai Sentral 3, Pantai Dalam, 59200 Kuala Lumpur",Kuala Lumpur,Kuala Lumpur,https://maps.app.goo.gl/2CFVnP1RUU76rsmZ8,2025-07-07 01:47:31,06:30,22:00
outlet_88,ZUS Coffee – TTDI Grove Kajang,"No. 26, JALAN TTDI GROVE 1/1, 43000 KAJANG, SELANGOR",Kajang,Selangor,https://maps.app.goo.gl/9RQRxmiGig3X6BXF9,2025-07-07 01:47:31,06:00,22:00
outlet_89,ZUS Coffee – Jenjarom,"No. 37 (Ground Floor), Jalan 2/1, Taman Seri Jaromas, 42600 Jenjarom",Jenjarom,,https://maps.app.goo.gl/jij7okFL6ZQ6oDj38,2025-07-07 01:47:31,09:00,23:00
outlet_90,ZUS Coffee – Suasana PjH Presint 2,"Unit A-G-R10 & A-G-R11, Block A, Suasana PjH, Jalan Tun Abdul Razak, Presint 2, 62100 Putrajaya",Putrajaya,,https://maps.app.goo.gl/KuSAsowCiPCM3ZaY7,2025-07-07 01:47:31,06:30,19:00
outlet_91,ZUS Coffee – Plaza Low yat,"Plaza Low Yat, Lot LG-04 & 05, Lower Ground Floor, 7, Jalan Bintang, Bukit Bintang, 55100 Kuala Lumpur, Wilayah Persekutuan Kuala Lumpur",Kuala Lumpur,Wilayah Persekutuan Kuala Lumpur,https://maps.app.goo.gl/hP7wXLwkdTDEP9Jk8,2025-07-07 01:47:31,07:00,23:00
outlet_92,"ZUS Coffee – Selera Putra, Souq Putrajaya","Lot G-005, Selera Putra, Souq Putrajaya, Presint 1, 62000 Putrajaya",Putrajaya,,https://maps.app.goo.gl/u8mwJJX78gsH9Cd66,2025-07-07 01:47:31,08:00,22:30
outlet_93,ZUS Coffee – Plaza Shah Alam,"S19, Second Floor, Jalan Tengku Ampuan Zabedah E 9/E, Seksyen 9, 40100 Shah Alam, Selangor",Shah Alam,Selangor,https://maps.app.goo.gl/jmCaSVSHEAZX1uCPA,2025-07-07 01:47:31,09:00,20:00
outlet_94,"ZUS Coffee – Vista Bangi, Jalan Reko","1-06 (Ground Floor) Vista Bangi, Jalan Reko, 43000 Kajang, Selangor.",Kajang,Selangor,https://maps.app.goo.gl/cjtSfXE8JLt3kB6K6,2025-07-07 01:47:31,10:00,21:30
outlet_95,ZUS Coffee – Kipmall Bangi,"1K-03A, Level 1, No. 1 Jalan Medan Bangi Business Park Bangi Golf Resort) Off, Persiaran Kemajuan, Seksyen 6, 43650 Bandar Baru Bangi, Selangor",Bandar Baru Bangi,Selangor,https://maps.app.goo.gl/uR1tJeAs3S9T1Hgy5,2025-07-07 01:47:31,10:00,22:30
outlet_96,ZUS Coffee – Universiti Malaya Centre for Continuing Education,"VIP Dining, Cyberview 23, Jalan Teknokrat 3, Cyber 4, 63000 Cyberjaya, Selangor",Cyberjaya,Selangor,https://maps.app.goo.gl/r9fWQegqWYNN5YGh9,2025-07-07 01:47:31,07:00,20:00
outlet_97,Ready-To Zus – Holiday Inn Express Hotel KL,"Lot G01, Ground Floor, 84, Jalan Raja Chulan, Kuala Lumpur, 50200 Kuala Lumpur, Wilayah Persekutuan Kuala Lumpur",Kuala Lumpur,Wilayah Persekutuan Kuala Lumpur,https://maps.app.goo.gl/tTGVQUum8VZxHCiDA,2025-07-07 01:47:47,07:30,22:00
outlet_98,ZUS Coffee – MSU Medical Centre,"Lot A01 (Ground Floor), MSU Medical Centre, University Drive, Off Persiaran Olahraga, Seksyen 13, 40100 Shah Alam, Selangor.",Shah Alam,Selangor,https://maps.app.goo.gl/jqLkNUJLJTSDrwiv5,2025-07-07 01:47:47,08:30,21:30
outlet_99,ZUS Coffee – Bandar Teknologi Kajang,"No. G-8 (Ground Floor), Jalan 1/2, HILLPARK RESIDENCE, Seksyen 1 Bandar Teknologi Kajang, 43500 Semenyih, Selangor",Semenyih,Selangor,https://maps.app.goo.gl/9cNsY6ftsn1d5rgx9,2025-07-07 01:47:47,08:00,19:00
outlet_100,ZUS Coffee – Menara VSQ Petaling Jaya,"B03, Ground Floor, VSQ@PJ City Centre, Jalan Utara, 46200 Petaling Jaya, Selangor",Petaling Jaya,Selangor,https://maps.app.goo.gl/PAvN2P4C7TSVRLiH9,2025-07-07 01:47:47,08:30,23:00
outlet_101,ZUS Coffee – Damansara Damai,"L-013 (Ground Floor), Vista Shop, Jalan PJU 10/2A, Damansara Damai,47830 Petaling Jaya, Selangor",Petaling Jaya,Selangor,https://maps.app.goo.gl/x3vfoWpBpRLG9K327,2025-07-07 01:47:47,07:30,18:00
outlet_102,ZUS Coffee – AEON Mall Cheras Selatan,"KF3 & KF5, First Floor, Aeon Mall Cheras, Selatan, Jalan Cheras Perdana Cheras, 43200, Balakong, Selangor",Balakong,Selangor,https://maps.app.goo.gl/UrdwdN3cYSCCSuqB7,2025-07-07 01:47:47,07:30,23:00
outlet_103,"ZUS Coffee – Setia Prima, Setia Alam","8-1-2 (Ground Floor), Jalan Setia Prima P U13/P, Setia Alam, 40170 Shah Alam, Selangor",Shah Alam,Selangor,https://maps.app.goo.gl/1i1djZnUqsuTjtip7,2025-07-07 01:47:47,08:30,19:00
outlet_104,ZUS Coffee – The Glenz @Glenmarie,"G-3B (Ground Floor), Subplace Boulevard Pusat Kormersil Vestland, No.6, Jalan Juruanalisis U1/35, Seksyen U1, 40150 Shah Alam, Selangor Darul Ehsan",Shah Alam,Selangor Darul Ehsan,https://maps.app.goo.gl/qyNRDn9vdyN7ebpa9,2025-07-07 01:47:47,06:30,23:00
outlet_105,ZUS Coffee – Puchong Utama,"A-G-9 (Ground Floor), Block A, Dataran Puchong, Jalan PU 7/1, Taman Puchong Utama, 47140 Puchong, Selangor",Puchong,Selangor,https://maps.app.goo.gl/JFR4PpoU3195PJiQ7,2025-07-07 01:47:47,10:00,22:30
outlet_106,ZUS Coffee – Sunway Pyramid,"Lot LG2.37, Level LG2, Sunway Pyramid, 3, Jalan PJS 11/15, Bandar Sunway, 47500 Petaling Jaya, Selangor",Petaling Jaya,Selangor,https://maps.app.goo.gl/gEZekwMHNSMr48rM8,2025-07-07 01:47:47,10:00,21:30
outlet_107,ZUS Coffee – Setapak Central Mall,"GK-08, Ground Floor, 67, Jln Taman Ibu Kota, Taman Danau Kota, 53300 Kuala Lumpur, Wilayah Persekutuan",Kuala Lumpur,Wilayah Persekutuan,https://maps.app.goo.gl/Bm11m4TsgbU4vHuN7,2025-07-07 01:47:47,07:00,23:00
outlet_108,ZUS Coffee – The Exchange TRX,"Lot C.98.0, The Exchange TRX, Persiaran TRX, Tun Razak Exchange, 55188 Kuala Lumpur, Wilayah Persekutuan",Kuala Lumpur,Wilayah Persekutuan,https://maps.app.goo.gl/dF2G1ifX7ZNim34X9,2025-07-07 01:47:47,06:30,18:00
outlet_109,ZUS Coffee – Taman Sri Manja,"No.25, Jalan PJS 3/46, Taman Sri Manja, 46000 Petaling Jaya",Petaling Jaya,Selangor,https://maps.app.goo.gl/NC5h4Ka5GpkNqZXv7,2025-07-07 01:48:01,08:00,20:00
outlet_110,ZUS Coffee – Eco Grandeur,"No 18-G (Ground Floor), Jalan Eco Grandeur 1/9A, Eco Granduer, 42300, Bandar Puncak Alam, Selangor",Bandar Puncak Alam,Selangor,https://maps.app.goo.gl/Ri16uBrxZcHrzipp6,2025-07-07 01:48:01,08:30,21:00
outlet_111,ZUS Coffee – Jaya Shopping Centre,"Lot G-01, Jaya Shopping Centre, Jalan 14/17, Seksyen 14, 46100 Petaling Jaya, Selangor",Petaling Jaya,Selangor,https://maps.app.goo.gl/PPdekSrAX9qRBJPaA,2025-07-07 01:48:01,06:00,19:00
outlet_112,ZUS Coffee – Eco Majestic Semenyih,"Lot 47-1, Jalan Eco Majestic 10/1A, 43500 Semenyih, Selangor.",Semenyih,Selangor,https://maps.app.goo.gl/5do85BzjhSHZQqGd8,2025-07-07 01:48:01,10:00,22:30
outlet_113,"ZUS Coffee – Gateway@KLIA2 (Departure Hall, Level 3)","Lot L3-44A, Level 3, gateway@KLIA2, Lbh KLIA, 43900 KLIA, Selangor",KLIA,Selangor,https://maps.app.goo.gl/zokxx7yUmHcStc978,2025-07-07 01:48:01,07:00,21:30
outlet_114,"ZUS Coffee – Gateway@KLIA2 (Arrival Hall, Level 2)","Lot No. L2-90B, Level 2, gateway@KLIA2, Lbh KLIA, 43900 Klia, Selangor",Klia,Selangor,https://maps.app.goo.gl/ix7SbeVWTn9Ya3JS7,2025-07-07 01:48:01,10:00,22:30
outlet_115,ZUS Coffee – Taipan USJ,"No. 9 (Ground Floor), Jalan USJ 10/1E, Taipan Business Centre, 47620, Subang Jaya, Selangor",Subang Jaya,Selangor,https://maps.app.goo.gl/ypaC1vcYetCYs3aV8,2025-07-07 01:48:01,07:00,23:00
outlet_116,ZUS Coffee – Sunway Velocity Mall,"Lot 1-22, First Floor, Lingkaran SV2, Sunway Velocity Mall, 55100 Kuala Lumpur, Wilayah Persekutuan Kuala Lumpur",Kuala Lumpur,Wilayah Persekutuan Kuala Lumpur,https://maps.app.goo.gl/tSr4cVgTudc9g7RKA,2025-07-07 01:48:01,08:00,20:00
outlet_117,ZUS Coffee – Sapura Lot 91 KLCC,"Lot C-17, Level Concourse, Permata Sapura, Kuala Lumpur City Centre, 50088 Kuala Lumpur.",Kuala Lumpur,Kuala Lumpur,https://maps.app.goo.gl/7jfFcmfhtje1aJWr8,2025-07-07 01:48:01,10:00,21:00
outlet_118,"ZUS Coffee – Taman Myra Meranti, Puchong","No. 8A (Ground Floor), Jalan MM4, Taman Myra Meranti, 47120 Puchong, Selangor Darul Ehsan",Puchong,Selangor Darul Ehsan,https://maps.app.goo.gl/T2FaCc1iy6ptTeor8,2025-07-07 01:48:01,06:00,20:00
outlet_119,ZUS Coffee – OUG Parklane,"A1-0-12 (Ground Floor), OUG Parklane, Jalan 1/152, Taman OUG Parklane, 58200 Kuala Lumpur",Kuala Lumpur,Kuala Lumpur,https://maps.app.goo.gl/W24LoGds3JoiD3m37,2025-07-07 01:48:01,09:00,23:00
outlet_120,ZUS Coffee – Centro Mall,"Lot GK105, Ground Floor, Centro Mall, 8, Jalan Batu Tiga Lama, Kawasan 16, 41300 Klang, Selangor",Klang,Selangor,https://maps.app.goo.gl/PNyXbe5UZ439yJQj9,2025-07-07 01:48:01,06:00,22:30
outlet_121,ZUS Coffee – Lotus’s Klang,"Lot GK14. KS 6, 3, Jalan Batu Nilam 6, Bandar Bukit Tinggi 1, 41200 Klang, Selangor.",Klang,Selangor,https://maps.app.goo.gl/6rScsK1tKDm6Mcac6,2025-07-07 01:48:16,07:00,19:00
outlet_122,ZUS Coffee – Pavilion Damansara Heights,"Lot 2.13.01. Level 2. No. 3, Jalan Damanlela, Pavilion Damansara Heights 50490 Kuala Lumpur.",Kuala Lumpur,Kuala Lumpur,https://maps.app.goo.gl/TqbHh3pMfNtRj4ht9,2025-07-07 01:48:16,07:30,21:00
outlet_123,ZUS Coffee – Shaftsbury Square,"Level P1-23, Lot 2350, Shaftsbury Square, Cyber 6, 63000 Cyberjaya, Selangor",Cyberjaya,Selangor,https://maps.app.goo.gl/rEPRLDbi6WzySivA6,2025-07-07 01:48:16,10:00,22:00
outlet_124,ZUS Coffee – SS2,"No.5, Jalan SS2/67, SS2, 47300 Petaling Jaya, Selangor",Petaling Jaya,Selangor,https://maps.app.goo.gl/bWF7JyTj4fsrvduv8,2025-07-07 01:48:16,06:00,18:00
outlet_125,ZUS Coffee – Sunway Velocity Two,"Lot VS1-G-01, Sunway Velocity Two, Jalan Peel, Seksyen 90, 55100 Wilayah Persekutuan Kuala Lumpur.",Kuala Lumpur,Kuala Lumpur,https://maps.app.goo.gl/cpAihjdHZWuwS8fg8,2025-07-07 01:48:16,06:00,19:00
outlet_126,ZUS Coffee – Kidzania Kuala Lumpur,"Curve NX, Jalan PJU 7/5, Mutiara, Damansara 47810 Petaling Jaya, Selangor",Petaling Jaya,Selangor,https://maps.app.goo.gl/y8ftJcN4VPpD37U8A,2025-07-07 01:48:16,06:00,22:30
outlet_127,ZUS Coffee – Seventeen Mall,"998, Jalan 17/38, Seksyen 17, 46400 Petaling Jaya, Selangor",Petaling Jaya,Selangor,https://maps.app.goo.gl/wg2ZfHJZQJP5gcnm7,2025-07-07 01:48:16,07:00,19:00
outlet_128,ZUS Coffee – SHELL Cyberjaya Autoville,"Stesen Minyak Shell Autoville, Persiaran Mutilmedia, Cyber 10, 63000, Cyberjaya, Selangor",Cyberjaya,Selangor,https://maps.app.goo.gl/69dHq3DgYtq3h3Kj6,2025-07-07 01:48:16,08:00,23:00
outlet_129,ZUS Coffee – Cybersouth Dengkil,"No 35-G, Jalan PP 1/1, Park Place 1, Cybersouth, 43800 Dengkil, Selangor",Dengkil,Selangor,https://maps.app.goo.gl/KJGBzSUYVHKFyxTs6,2025-07-07 01:48:16,07:30,18:00
outlet_130,ZUS Coffee – UCSI University KL,"Lot 6, Block G, Ground Floor, UCSI University, No. 1, Jalan Menara Gading, UCSI Heights (Taman Connaught), 56000 Cheras, Kuala Lumpur.",Cheras,Kuala Lumpur,https://maps.app.goo.gl/8nSgs6vCWKjW4MCR8,2025-07-07 01:48:16,06:30,23:00
outlet_131,ZUS Coffee – Avenue K,"Lot C-6, Level Concourse, Avenue K, 156 Jalan Ampang, 50450 Kuala Lumpur.",Kuala Lumpur,Kuala Lumpur,https://maps.app.goo.gl/m5H6LUwbe4C68hQX9,2025-07-07 01:48:16,08:30,19:00
outlet_132,ZUS Coffee – Centrepoint Bandar Utama,"LOT F103, First Floor, Centrepoint Bandar Utama, 3, Lebuh Bandar Utama, Bandar Utama, 47800 Petaling Jaya, Selangor",Petaling Jaya,Selangor,https://maps.app.goo.gl/2m3UHhhCWzcUGVi18,2025-07-07 01:48:16,08:30,19:00
